,Epilepsy
CRADD,0.012143687654779965
RCAN2,-0.043091507367204226
TCERG1L,-0.010785519131089213
PRAMEF8,0.011565788671045706
RFTN2,-0.012018780058540067
ELAC2,-0.013756961551653533
GPR84,-0.03890526464165537
HBA-H13,-0.018612099073650086
TEX19.LRR1,0.01507122849947675
CASK,0.028011107162153437
FAM171B,-0.0778153236978954
OLFR345,0.012218994685464278
AIF1,-0.05013870158502
AP2S1,0.03197226549360948
NCSTN,0.011326344913441047
ZFP318,-0.015264984435462368
WARS2,-0.03299264716304708
MAPK1,0.014052888410504198
FEZ1,0.01428741071624741
1700037H04RIK,0.020814158359473336
OLFR1417,-0.015962818985651196
ADAM23,0.022188847765406958
EIF4G2,-0.01637988393349522
GM1987,0.011896268906261028
GGT7,0.016770164461774616
HDAC5,-0.025483523359428373
ING3,-0.013715580452171234
ZCCHC12,0.047015406262374076
RETREG2,-0.011731783386901283
CITED1,-0.016218145680278944
SV2A,0.012714780515268845
CEP250,0.016457393890737467
VMN2R42,-0.01646918370650859
CACFD1,0.01230575068396387
ARHGDIB,-0.016443716039978604
CTSA,-0.02121931660071585
ZMYM6,-0.014051215344317696
PCBP3,0.019623044047888984
TRAPPC1,0.011779707778496398
INTS9,0.012389139112524932
HSD17B2,0.011770288670139038
OLFR76,-0.01173136422306853
SUPT3,0.017067474718196248
RAB2A,0.010402909394494236
CCDC84,-0.011119623507950982
SGK1,-0.011793465580821517
SEC23A,0.02152171615243078
PTPRO,0.06101800818329107
OLFR389,-0.012314142056939885
MED18,-0.02157031416998194
ZDHHC7,-0.010390748740664339
SLC37A1,-0.013932307391885827
SELENOS,-0.011647282108275718
GPHN,0.04169523843698097
SCGB2B2,0.012263013678774274
ZBED3,-0.015937421860570105
GNG2,0.01774542698095406
MINDY2,-0.021680174424713
PPM1D,0.0200001458740267
ZCRB1,-0.01422420061724806
DPP6,0.022523128055515502
ZFP609,0.012010354372140925
BDNF,0.020980471326515145
ZFP943,-0.012927906746503846
RABGAP1L,0.012673836608886489
DNM1,0.010362640858520594
WNK2,0.01084381240845746
UNC119B,-0.010696968902510654
CRABP2,-0.01983860527296237
CYP2D22,-0.042813585887051704
SLC39A14,-0.011335611955424419
FAM229B,-0.01625931280800569
FAHD2A,-0.05014572214882511
GLRX2,0.014669630364173245
GFAP,-0.06146838377214693
H2-T22,-0.053148429707555726
KYNU,-0.01775854617934066
DMRTC2,-0.013433079620473552
COMMD5,-0.013505025774081995
ARF2,0.011185216253325643
EML1,0.06607166504909301
SYNM,-0.016236372897169657
SLC14A1,-0.010919112889758874
RPS9,-0.01266441455299665
MRPS33,-0.03717659921665583
RUSC2,0.024218432709177316
GSTM4,0.022115033566873922
TMED1,-0.016099523129162564
HSD11B1,-0.040727362551852754
OSBPL9,-0.020567048710391188
IFT27,-0.011974793205800896
DYNLRB2,-0.021872928098491198
PRKAB2,0.012906872478744348
ART2B,-0.010538890017442142
FKBP10,-0.016862529754347072
SEMA4A,0.05296243966953924
PLPP7,0.015260651369907383
SCN3B,0.02125662654200555
FBL,-0.012020716577531452
RHOB,0.011539747451477983
DSG2,-0.01158552364325455
COPS4,-0.012028860188588373
INPPL1,-0.02153153030697825
OLFR1499,-0.010359029486463634
PWWP3A,0.014074231006689206
EGR4,0.03015530645186141
ZFP46,-0.0167180182969526
RIOK3,0.014190101795988137
POLR3K,0.02730975176863531
MCTS1,-0.024026872039265575
CXCL9,-0.018009285086522036
TCF12,-0.010481252536681121
ZC3HAV1L,0.01184221508794851
ALG5,-0.030237012152025886
NDUFA5,-0.013461011258426284
TTYH1,0.019409610364306478
CSTF1,0.04918028963437284
ST8SIA5,0.03479616794063322
CNNM3,0.015120220442206747
APOE,-0.013525127632220179
MRPL48,-0.027508793334461407
IGSF1,0.011050160422046151
MASP2,-0.011434107769927976
RNF11,-0.025361272302732996
CCL27B,0.035205503938853654
PSMD12,0.010419616294217997
INCENP,0.012382678259775478
NUDT18,0.01157543661085633
BMPR1B,-0.03097162024762248
IRF6,0.013047826568082375
CREB3,-0.013940449872957363
RAD23A,-0.01589728453618034
IMPDH1,0.015394403528843617
ZP2,-0.014603744234967814
UHRF2,0.010964913531069494
IMPAD1,-0.0402221075276398
CEMIP,0.013096071044100249
KCNAB1,0.011069713650501235
EEF1AKMT4-BRD9,0.011274002957523002
ACAT3,-0.01283967207478696
PAK3,0.03633081372404563
COL6A2,-0.011875258044655715
GRIN1,-0.012224479164614195
H2-APLP2,0.016479000801804294
C6,-0.010601674818695376
CDK5,0.020669083937644054
B2M,-0.025591829329919144
NT5M,-0.0145653892858771
IER3,-0.01943382762657491
IDI2,-0.01117381592690471
NAPA,-0.020958738605452398
SLC25A14,-0.012710228482044892
RAVER1,0.011507549085359788
LRRTM1,0.023585926297446137
SEC24C,0.023179341812339826
SZRD1,-0.0140384250321518
PRMT2,0.032234738775373195
CIC,-0.021505890409194147
ELP2,0.02817890368907235
NCCRP1,0.012788997590390377
RAB15,-0.01585194318405813
INTS14,0.012382307943729269
CLUH,0.010403042307580044
GOT1,0.025953672943738793
RAB3GAP2,0.02493575229494105
CASP9,0.025939486167736232
LIPH,-0.01320275469212591
OC90,-0.011729424911714
ENPP5,-0.02708947239850761
IKZF2,0.010311071821087299
MBIP,0.011361529346335875
CCDC91,0.013744760057551318
FAM114A1,0.015210790227038114
ZFPL1,0.015227004196267059
TAX1BP3,-0.011061083520697826
MCM6,-0.01201079010836896
TEDC1,-0.015927062645802386
PTS,-0.014423590122657563
PRKACB,0.011051897538066598
SLC35F4,0.012634357955817929
DCLK1,0.01667156882561109
MED31,-0.044856407101063894
SEPHS2,0.010634147147005626
FBXO38,0.015325062004658078
LIMS1,-0.010490519265533082
SRPK1,0.033351135909539927
PTPN5,0.015119488695957995
APOPT1,-0.019725470930066744
NAP1L3,0.01164442645387863
LAPTM5,-0.04169424268560689
ERH,-0.018015160354840135
PRKCA,0.01717059670903414
NLRC3,-0.012756467323312544
ZSWIM8,0.019807737937221716
EPB41L1,-0.029135190965887896
TMEM115,0.010654876994696905
TMIE,-0.017490344073113562
FGB,0.011979411928785719
BMP1,-0.030693083917196842
IRX1,-0.015498416859994106
KLF13,-0.026233793333892724
TRIM29,0.017111556548185674
PVALB,-0.03536507627824488
NEK9,-0.01211271482974662
ATP6V1F,-0.01636843056428607
H2AC20,-0.0225372783039978
NFIC,-0.028211976611400923
RAC3,-0.016284821009621385
SLC23A3,-0.07903481937058551
SEPTIN3,-0.04394130473116201
NLGN3,0.023827852360595897
IL18R1,-0.01731174286040179
OLFR656,0.010709687029892929
MAGI3,0.013572072546323845
MTREX,-0.05313113057402515
TMEM242,-0.015448502042442807
HNRNPH1,0.013259518808565601
CIAO1,-0.028241799530652485
COPS8,-0.06947791204029517
D130043K22RIK,0.02816743736170729
RDM1,-0.022400265717449113
KIF2C,-0.010407176948460153
POLR3H,-0.014748053195066198
ROBO4,-0.020484879720037454
ZFA-GPN1,-0.010590280781372757
GFER,-0.01629611337362992
P2RY14,-0.010817453942775506
MEN1,0.0196948364682184
ELMO3,0.010733124900853097
OLFML1,-0.0322600801425002
PPP4R2,0.013205431469160405
WNT8A,0.01419577937459517
ZFP747,-0.016589398951360447
ZMYM3,0.027455511661576993
C130074G19RIK,-0.011609248175206761
LARP6,0.0344847370068225
H2AC10,-0.03236427437088006
ARL1,-0.018656776523645287
PXDC1,-0.013033745602868603
EWSR1,0.01291588988086626
SLC24A4,0.015877725006519287
MYG1,-0.015433738712723008
ZFP410,-0.015965869469119088
TSPAN33,0.01969930518849756
TMEM8,-0.013072104189496569
DGAT2,0.02975926405167551
APPL2,-0.01535122685548898
ACBD5,0.011546988664396773
KIF4,-0.018930426485476035
GPR183,0.012816782288376313
TEK,0.013139232600277058
PPP1CCB,-0.016375016949318952
SLC26A4,0.013662675638377966
LHFP,-0.01214174711941578
JAZF1,0.013406750560586178
PSMD7,-0.022273944978430306
EIF6,-0.010632921081976679
PUM3,0.02213637999449479
HDAC3,0.011729257990415895
TICAM1,0.01054301958417509
HCST,-0.011575481543931487
PPIL3,-0.02514724278746747
CAMK1D,-0.01101574979909164
ANKS1,-0.012353224662202606
ARPC1A,-0.014270602639107233
TRP53I11,-0.010589591047370579
MAGEE1,0.04099941048896601
PYGM,0.017170269159396664
S100A16,-0.02781325595673462
LRRC41,0.017146093837618427
TENT2,-0.012188585007928176
FV1,0.013493842129507399
HNRNPA3,0.019222253754287988
TM9SF4,0.011485540824074153
NCKAP1,0.02851252192726267
IRGQ,0.01750044189855975
PAPOLA,-0.015217515043417621
SATB1,-0.02563932078234622
RNF112,0.02015447753837642
RNASE1,-0.022700909069823236
LMAN2L,0.038322838637077715
OLFR736,-0.012258414145765381
SYT5,0.021192755261826984
NTN3,0.014822916039289947
CAMTA2,-0.024238496639363335
CCDC85B,-0.015076891845012375
DLGAP4,-0.0162659640953386
SPINK8,-0.03603988038081663
PTPN6,-0.022313313240484533
PRKD3,-0.02171929889273726
ZC2HC1A,-0.01106092716024274
HERC3,0.013961726417171237
PSAT1,-0.030819773378742116
TSTA3,0.011737274337904866
OLFR151,0.014115914825516876
PDLIM2,-0.02249982697811163
PPM1F,-0.011560800855639087
RHOBTB3,0.020401154162576735
CRYZL2,-0.04093479876648837
1810009A15RIK,-0.034270956053815055
RAB32,-0.012468931261834593
IL20RB,-0.01257025408052289
LGALS8,-0.012842935060586426
RDH5,0.021637591771611474
TTYH3,-0.01289384353318934
PSMB7,-0.01106942513760381
MLLT11,0.011301823597588013
PITPNA,0.0188854617735671
MAD2L1BP,-0.012017783085880012
NKX2-SLC35B3,-0.03148816412486778
NDST1,-0.019537523361065016
SCP2,0.02787460037384534
PLAA,0.014445550821434323
ABCA7,0.010644059875400284
BSCL2,0.024163318224143495
GNB2,0.022712097233179317
CTLA2A,0.011598591713617653
DIO3,0.035283890532063315
TCN2,-0.01362015008754143
OSBPL6,0.01361915700348295
CD74,-0.03212714989269629
RNFT2,0.0145779774897117
JAGN1,-0.013866440441729971
ZFP3,0.01812569129441274
UIMC1,0.010652611254817984
RGS18,0.010502207864777947
GLB1,0.014656237453874415
COX19,-0.01564241809324638
GTF2IRD1,-0.014954525732649458
SMIM8,-0.01539992720754684
STOML1,0.012126201467473218
TH,0.01672464164423024
KIFAP3,0.01114774259585947
PAQR7,0.02617823804327059
REM2,0.01169260305174924
YIPF3,0.016704348339919083
ERAP1,-0.013689962346161287
KANK4,-0.010647600917748428
RIIAD1,-0.017333434696129267
MEPE,-0.013760156391440851
OLFR44,-0.011407114459449178
RPL21,-0.0183789562900433
GPSM3,-0.01981157436895138
LGALSL,0.015528934730136727
GMFG,-0.010509967891538796
MIPEP,-0.06321988235572658
SGCA,0.011907257014597994
ANP32A,0.024501983748947374
SMAP2,0.01637171600035224
SGCB,-0.013333849020166218
PTPN21,-0.023159030652371525
EXOC4,-0.010342587852593458
ANKRD46,0.01749288488588444
HSPA9,0.014807651445530761
BRCC3,-0.010351379321885746
VPS33A,0.015120681319794523
ROGDI,0.020095583340033377
UNC79,0.013037316254731425
ATG10,-0.010710242958468992
BAALC,-0.019249612730727148
RCC1L,0.0153306535693559
JKAMP,-0.027223301057984147
OLFR8,0.011631846841240493
EFL1,0.01615991877201799
H2-GTF2H5,-0.019208055433476756
CCL4,-0.045228760621038436
FNDC8,-0.014239152681597601
HSPA2,0.024122094526077636
PGS1,-0.01177106774821056
SERF2,-0.029015882917336852
HP1BP3,0.021659244659735045
SETD6,0.012233618640263608
PCED1A,-0.011440500917144302
NAA20,-0.011531261302364065
6430571L13RIK,0.012136057747369528
YIF1A,-0.027157481221061378
SHPRH,-0.017787638914010816
SREBF2,0.010950612355588018
HRAS,-0.012014981165051824
SNRPB,-0.01429422236274432
ARHGAP1,0.034146548543938164
DAW1,-0.010678220247490882
MYH8,-0.019633596983444735
PRDX1,-0.01899801290070202
EAF1,-0.013950853790048665
CSNK2A1,0.010645537254459136
WIPF2,-0.025861446701678392
PUM1,0.014453917134943345
ANK3,-0.012628915230659864
ALDOB,-0.014002774977259842
MAL,-0.044207286454854895
PDE1B,-0.018585591288298793
VAV1,-0.0362517709574358
WFS1,0.0569069145116291
VTI1B,-0.024753114340996224
TMEM177,-0.014967490433818172
KDM5D,-0.015872882070631786
N4BP2L1,0.019379260072825776
SLC12A5,-0.010731767139912625
CDIPT,0.0106974087309758
MTDH,0.030680989356752196
SLMAP,0.020994720167388344
CUL3,0.03196105537983357
DDX41,0.012278337072503361
ST3GAL1,-0.01406809474463712
FOXQ1,0.026570431035315454
FAM98A,0.01264818332049257
SPAST,0.01821165570487842
ZMIZ1,-0.028541902993530963
CKB,0.015065078910106052
GPRASP1,0.04398177206131296
ELOVL1,-0.015232950753187056
NDUFS2,-0.022090685758129305
KAT6B,0.01059787132773009
PLA1A,-0.013476013278916035
GIMAP6,-0.03151950513397513
ASRGL1,-0.020073452513738516
SLC30A1,0.015039199320016882
GLRP1,0.024268824302750645
TAAR9,-0.01436088328848911
ATPSCKMT,0.013725539309575548
SEZ6,0.041977626804895835
ATRIP,0.02179778859525099
MBOAT1,-0.03144156094579926
CARHSP1,-0.0386925704884245
ARHGAP32,0.011711749267742091
2610524H06RIK,0.056467834685372496
NOSIP,-0.015621517924058827
SMIM14,0.015581757827795391
RSAD2,-0.013047262951517197
RTRAF,-0.018183439939112866
CDKN2D,-0.015123011230566877
UCHL1,0.01591381479871573
4933434E20RIK,-0.011325548548072408
SNRPD1,-0.014206964947315671
CCNI,0.018465675756658605
C1QBP,-0.010977473763855331
OCIAD1,-0.032063885015323965
CCL24,0.013622648300965729
CEACAM16,0.014129881006271307
TRAPPC4,-0.017795668404050505
ARSA,0.018795162180319014
IGF1,-0.015003966335015195
ABCG4,0.0236452211310373
1110008P14RIK,-0.010354662044282316
S100A1,-0.03111538467567962
SENP3,0.01588522028957164
SLC35A1,-0.02105569292931605
UBL3,-0.01243312180383776
MED7,-0.01278886716141864
OLFR361,-0.014999916695883667
FDPS,0.04148200769730684
MFSD2A,0.05563700412454062
HBB-KHNYN,0.022704068325839714
SLC1A1,0.02330796710535654
LAS1L,-0.012017218338426639
SRM,0.0175277945074485
AQP11,-0.016056811553717756
SERPINA7,0.010956117058483702
ASB16,0.01690827771432899
TBC1D20,0.01575782079095352
JTB,-0.023095036780600164
PIK3R3,0.014770898411071471
ANTXR1,-0.011896653958132088
LANCL1,0.028453150024049308
BAG3,0.014855708727456786
CNTFR,-0.011108273998163484
SHOX2,0.011496945961419928
CUL1,0.010945332254595767
CNNM2,0.010377199636585895
ARFRP1,-0.012379678590404203
KCNK4,-0.016093583037848004
CSDE1,0.01546638667134236
CYP2G1,0.01642874108681516
ANGPT1,-0.010321328522665303
H2-AB1,0.012329745124243358
KCTD2,0.01655366802984796
MAP2,-0.021905929133936977
CCR2,0.010422506642100005
TEPP,-0.014205894035954379
TMEM132A,0.028019647224981674
TCEANC2,0.011304303616460001
TCTEX1D1,0.010885049801366915
CCDC134,0.012558156689172395
PARP2,-0.010372566212847602
KRTAP19-HOMER1,0.02336893150727148
CD274,-0.03115902775239093
SELENOM,0.013089350049512763
OLFR1201,-0.010703900959978892
PEX5,0.015257642589655325
SCAMP2,-0.01493093866166491
RASSF2,-0.02133569307571954
GAS2L1,-0.029139515812870855
NDUFB4,-0.013247139926870165
IL1A,-0.010787030992907102
FBXL19,-0.014754717090429227
BTBD3,-0.022841983414488492
NARS,0.011100526117087006
KHDC4,0.011457225059718691
ZER1,0.01787869814178235
TRIM28,0.024203607146639904
TIMM10,-0.035396772799461754
FLOT2,-0.012296179935183916
AGT,0.020200735953408377
RTN4RL1,0.015438933637716375
RPL35,-0.037937238386871006
STARD5,0.013326625728218237
PMVK,0.014848313022744069
ADCYAP1,0.014927986794958837
ZFY1,0.014051790533825468
RNF141,-0.01105476942595858
SLC4A1,0.014107795314206117
WDR74,-0.011480413041115963
KLRA13-NUDT22,-0.015087366714597891
ARPC1B,-0.045723801844107397
BC052040,0.029435122472667313
FBXO34,0.010532440425193346
SH3PXD2A,-0.012041862481106332
MRE11A,-0.014919484405224939
DCTN3,0.029565860916317084
GGNBP2,-0.012608062207233641
ARHGAP10,-0.012969882721531354
RPS16,-0.036047224442605615
ACHE,0.016967420994014222
MIDN,-0.012587199519767882
NKX2-DUSP8,-0.019357365743986957
PTCD3,-0.0137444147714252
ZFP868,0.01127574621271379
ARHGAP8,-0.016528538410266132
ROMO1,-0.016561120203814558
SLC9A6,-0.011574883057556275
LYPLA2,0.03698969788448725
IFI30,-0.02485307894241856
CHCHD1,-0.029020683614342506
GSTM1,-0.02404706329666381
PRICKLE1,0.018373313738140145
PPP2R2C,-0.019854052954099543
CFP,-0.022379562066469988
PLCL2,0.02712407595068127
DCTPP1,-0.027462494227637222
ITPR3,0.01238945913679487
TMEM220,-0.015071460345215767
SETDB2,-0.013758078942674567
APOC1,-0.011886597582767465
PDXP,0.01899899837418428
CSNK2A2,0.017591181951372967
PMP22,-0.01959048997428371
CAMK1G,0.011316592862571709
EPHA7,-0.011366399594050215
APAF1,0.01691606525756038
GUCY1A1,0.010692346026107852
IRF2BP1,0.016176156905727303
SEC24B,0.012541100319809904
SDC1,-0.01827614174723895
ISYNA1,-0.015380086102411783
HID1,0.03279157850965333
ATP6V1G2,0.018087791019429464
CEP41,0.027349261741177036
FST,-0.018986886634411747
RHOBTB2,0.021941407053437112
TARDBP,0.017488564393630755
TXNDC17,0.011604728638860704
FBXO44,-0.01041048574861003
C87436,0.011247470656609571
EEF1B2,-0.03843289165768994
KLHL21,-0.025806663312081944
MRPL33,-0.04457043164867275
CCDC190,-0.0404821637373275
RASL2-MTCH2,-0.0233485039185543
SPATA2L,0.017395320706403705
DHX57,0.012740849583726436
PDK1,0.013070503186014415
TRIQK,-0.02209779560607729
SYT13,0.014649300968512528
PPP2R2B,0.03131448726702934
TMPRSS7,0.011132696197178233
CUEDC1,-0.017336257284467294
HSD17B7,0.01292889703656338
CSK,0.013516926538485411
SPON2,-0.016580392646368586
IGSF3,-0.035446015307563555
CYS1,0.01178844028466013
INHBE,-0.010858579190804102
MOCS2,-0.023914044481395145
USP29,0.06279837237369867
TMEM132E,0.021755717356208893
FLRT3,-0.028848189652406604
YTHDC1,0.01963848373535525
NRBP1,0.01390218660608209
AMMECR1L,-0.03588958485519941
TOLLIP,0.01573201676388389
FIBCD1,0.1183032803134627
RAP1B,-0.027424945840502268
MAPRE2,0.034284688915652194
DMKN,-0.01753432518562218
SCAI,-0.012902438638836673
ST7,0.010795896219194063
FUNDC1,-0.02348126778357965
IL11RA1,0.018932586659167933
VEZF1,-0.012643117842067392
UBA7,-0.018232679810361068
D11WSU47E,0.01640888573378759
VMN1R46,-0.013163856368894604
ACVR2B,-0.011005257307415315
TMEM37,0.015654810273555916
DNAJC6,0.01586472413711318
ME2,0.012482578671525184
OPHN1,-0.01751757285909835
SLC9A8,0.01125844905201825
BCL6,0.020668582480550157
ITPR1,0.013535242932560266
ZC3H6,0.010724884720833381
MSANTD1,0.016427009054722715
PMEL,0.011119434680107664
MOB1A,-0.015371770424121621
RBX1,0.01264104759436417
LPXN,-0.010849424627952995
ATE1,0.024225072677957794
TLE1,0.028256696424795454
MTMR3,0.016130276545136366
FARP1,-0.013021880505774483
MICOS13,-0.026971831557950934
1700001F09RIK,0.018850229591892403
ACSS2,-0.016181657515121784
WASL,0.02129679453227119
AGFG1,0.02415872724997605
HOXD11,0.014617050030051655
KLF12,-0.010424297658935908
WNT9B,-0.012100833400419534
ELOF1,-0.016999645867150293
OLFR536,-0.018732981131450905
CCDC114,-0.02557168666306663
P3H4,-0.016659299316366928
1700030J22RIK,0.01519335470098913
ABHD10,-0.010311776457335371
CYP4F14,0.011832589032799518
TFAP2C,-0.017603992369303267
LANCL2,0.018943175047472255
CRHBP,0.039140792516887776
RESP18,0.02523454086941156
NRSN2,0.04023062303791088
HAPLN3,0.01359053546831516
TENM3,0.023186723868746144
AFG1L,0.021129916216316786
ESYT3,0.01701050981651555
RASGEF1C,-0.010640237307158842
RNF128,0.01519620403916132
OLFR1276,0.010988495941373116
TESK1,-0.01595652680741667
OLFR262,0.016272203293874903
TXNRD2,-0.05553464821754281
KAT5,-0.013231119625479126
CBX8,-0.012281703577569985
OLFR1112,-0.010594891267389023
ZNRF1,-0.010907439873285182
TMX4,0.027939250786822356
FEM1AL,0.012694655378477134
BRMS1L,0.021325775930040335
TSPAN3,-0.012347700170592203
BEX2,0.032718180122836074
RRP36,-0.011710459060329723
2310033P09RIK,0.018717948858504235
CRELD1,0.019261318283115086
CTNNBIP1,-0.03989193023896065
GGCX,-0.021197757253624192
PIGH,-0.023247034987538325
VMN1R219,-0.014549060308917497
KCNK5,0.01055592696070612
MAPK7,-0.011471611031190064
OLFR913,-0.011054096183376768
GLRB,-0.01488168597938238
ZADH2,-0.015332949304605607
MAPRE3,-0.015162870986179884
RPP30,-0.01545993969506786
POR,0.015021701110744025
EZR,-0.011770903588994325
RXRG,0.015086019460894096
TUT1,-0.010436580671779834
POM121,0.013202208158490693
CYB561,0.03067158327280129
ANK,0.010625847216206808
ATOX1,-0.022357869450626768
MRPL11,-0.012356278320492811
CYFIP2,0.010559913668061355
ONECUT3,-0.013090876119944148
CPNE6,0.01633893469138623
RAB12,-0.012526016855300819
SPHK1,-0.05281437604436719
TTC33,-0.013725637561699106
STK19,-0.023326906878185838
FAM114A2,0.029784393921518274
EHD3,0.031084927384452097
DHX30,0.024711416161776672
DHX29,-0.010750597480790932
CRH,-0.011029485980087288
KLC3,-0.012745512969371745
RASGRF1,0.017935433402063418
POU3F1,0.017363289783900237
MRPS9,-0.01568855321472154
MRPS2,0.0168356340357354
NME4,-0.013285062662011102
SORCS3,0.04748298899552627
SYT11,0.010903516630003251
DDX19A,-0.010359407581312376
MINAR2,0.02407553112010836
OLFML3,-0.024879389382202802
IRF9,-0.014395762769464415
CRISP1,-0.01262481491314322
ARFIP2,0.015590592242999562
MYOD1,-0.01197427882271944
NELFE,-0.011778197489788311
LBH,-0.02434039051210221
DCTN6,0.017405822056988526
FAM222B,-0.024736392858536106
STRN,-0.011380410021043659
OLFR95,-0.012919662410877008
EIF3B,0.0102965846467901
WDR34,-0.02099835609534243
CMTM7,-0.011511260407046716
CEACAM20,0.011836445217069157
PON2,-0.033162272469617435
COPG1,-0.0578112365119318
FAM187B,-0.011910364801007364
LSM7,-0.022039894782272872
ATL2,0.011033011686772676
TMEM63C,0.016300284666443208
SLC32A1,0.027340913639396176
PDLIM1,0.05714929829512233
VTN,0.021277647704625112
EZH2,-0.02304245607954209
D8ERTD738E,-0.013829293405441574
YBX3,0.01527560009426265
TWF2,0.015280257532665866
ARMC7,0.011086946360434086
RBM3,-0.02907311455275701
NDUFS4,-0.0220306373890051
TMEM33,-0.012569586664808629
RPS8,-0.03230670587663306
PRPS2,0.012232085548339097
FAM160A2,0.027632405114129604
ZFP277,-0.014699698858939524
CATSPERD,-0.01157455806693893
ARMCX3,0.011630717895896033
PPME1,0.03491124244476787
CLEC2H,0.01604685166508555
DAP,-0.026554253532996737
LCE1A1,0.012423328086738673
CCDC80,-0.019965493538006026
MYOZ2,0.010439262076191587
HOXA3,0.015375918866940584
POLR2E,-0.01182171759156664
DERL3,0.01508658277207428
GAD1,0.03188661593160781
GAP43,0.01937579657267302
KRTAP9-MRGPRB5,0.012632145004036964
FAM167B,-0.01868529680250508
SYN1,0.016054393397976832
SPI1,-0.01791785682651342
GOLPH3L,0.016372446979029523
CAMSAP3,0.01633819251719852
PDLIM3,0.01135793024882258
SF3B1,0.011942849918087424
LCTL,0.012218867894592065
RIPOR1,0.019814355739726827
PRKAR1B,0.038140639492103806
HBB-BT,-0.013022480489581208
CALCRL,0.012504576161013067
BMP3,0.03675595631794872
ATXN2,0.02063810245428235
PRKAR1A,0.011421382162134449
FXYD5,-0.010716474076011541
PROS1,-0.04338050890543822
IGSF5,-0.013037865877156374
SAMD14,-0.012738137463218757
L3MBTL4,0.011782915678382487
HHAT,-0.01555238349921052
RNASE4,-0.030089704991789534
SHKBP1,0.01289417012006373
CD151,-0.01997399346386102
EEF1AKMT1,-0.01745208559112783
ADRA2C,0.014703264886387898
BLOC1S1,-0.027720129068390446
ACBD3,0.011904354904648497
GASK1B,0.013303362478566911
LRRC36,0.011642896133133783
SLC25A32,0.012858350436033223
EXOC6,0.02171201539352951
AK2,-0.014323285315539119
PDGFRA,0.017774762960500838
BTK,-0.017115901117206987
FAM49B,-0.01087649803412775
NOP58,-0.013561114349011036
CAMK2B,0.015329807603562631
PCDH8,0.010767728323199688
TPCN2,-0.017419894035354825
MYEF2,-0.014007628237620797
AP3B1,-0.011400912047640188
TUBB4A,0.027581477402758237
REV3L,0.012014955257592061
ZFP523,-0.015661275880009123
VPS26A,-0.014694324773105527
TCEAL6,0.029503794138948405
USP12,0.01131570883605327
EDARADD,0.010409836053581284
PFKL,0.020110994996490432
RPL23A,-0.024799737618256785
TRIM33,-0.013459770848449005
VSIG1,-0.01305043133491284
SLC24A5,-0.010543063023960202
WFDC2,0.01583948690177299
SHC1,0.016092152126404156
IGFBP2,0.04244044869850257
SEPTIN12,-0.013301780545413729
ANK1,-0.010657965804528024
ZNRF2,-0.010376667863870091
CDKN2AIPNL,-0.011819096657204056
TMEM59,-0.012580114364537433
RALYL,0.024370322565294908
GABARAPL1,-0.022068141745979077
MARCHF2,-0.024801747134365084
MAG,-0.012789695826074102
AU040320,0.01699262943239626
OTUB1,0.012143903599814935
SF3B3,0.013173000763745826
OLFR1038-PS,0.012743846233061915
NRP1,0.014038322602970561
LAMP1,-0.024747023776992085
DGCR2,0.02466232469971308
MINPP1,0.0128360880929143
MRPL28,-0.022894629790077222
SGSH,0.014662074270143226
SCG2,0.01584166722572028
RIT2,0.0217965524903321
ACTL6B,-0.014001546499319988
DLST,0.016891492904089915
DGKG,0.05178192784613005
PARM1,0.03126600612051057
RNF115,-0.011054012641119864
RASA1,0.014759668033962114
OAZ3,0.012233074590154566
IPP,0.010911128632028519
SERBP1,0.022844137846564968
PFKP,0.031948511505933565
KCNIP4,0.01608963645150694
ARSJ,0.016240147637143314
HNF4A,-0.014798733662235842
GPR34,-0.03580193591860417
CLK2,0.012572884441754037
ENC1,0.05021044985413538
AP2A2,0.027260582689664917
TRH,0.08852997747798415
THAP12,-0.02103995513101207
APPL1,0.02065182131371565
TES,-0.020708911199122097
GGN,-0.012695929266035636
TTLL6,-0.012837497432908225
SH3YL1,0.013163329102648676
TRIP12,0.014400798071920698
SRPX,-0.016861270183566583
BNIP5,0.01884775548255872
SIGMAR1,0.023481528186645517
MPV17L2,-0.0152344791273387
SKINT4,0.010784137510949603
CYPT2,-0.012720484061915947
POP4,-0.018791551709298984
GM1673,-0.011232176464379268
ROM1,-0.017335468238538192
TEX10,0.010835629841580948
RBP1,0.025437772784626913
CPLX2,-0.04843630170300133
MGST3,-0.01668793269957911
CLIP1,0.0161277032538723
PRXL2B,-0.02797839156078752
ZFP110,-0.013494308043672906
NTHL1,-0.01878833729259552
TRAPPC3,-0.01540528600399927
GOPC,-0.012659042660012132
GAPVD1,0.015638660027057227
DRG1,-0.014593106324496643
LYSMD1,0.013040836554055628
HNRNPM,0.021631771351550495
MTCH1,0.01655264412225941
H2-EB1,-0.024330298189265083
EEF2,-0.05345911758518497
KLC2,0.01292833272706831
SIGLECH,-0.016591500942985574
RPL5,-0.034619081077762216
HILPDA,-0.015957004419599324
GM3902,-0.017731951663392642
PSMD10,-0.025958458677738612
RBM41,-0.01340471765689934
HK2,-0.028971945594617507
MRC1,-0.016470396305242548
UGT8A,0.021448637323588187
MAN2A1,0.012588838651667586
FAM110B,0.021291717139384173
SLC4A2,-0.030472959545039036
ATP5MPL,-0.0245800797212736
PSMB1,-0.04008579986652374
ATP2A2,0.017208390396086393
PELI1,0.011308837749121867
RTN4,-0.014211767703338447
TARS,-0.010790580264684758
RPA3,-0.07982342423179246
EXTL3,0.012836106810632887
SLIRP,-0.010568289992096414
VPS36,0.015144383797811526
SLC9A3R1,0.029128318153058195
GALNT2,0.011713630869423676
HBA-DNAJB1,0.01497019239019341
ZDHHC14,0.02672361348436561
SOCS5,0.01941162315630801
PLP1,-0.017926970579718468
STARD4,0.019345224846468945
RETSAT,-0.011404247969252448
ATG4B,0.010623647885773581
WIPI2,0.01772065093470922
NECAP1,0.015019571648913706
NOXO1,0.01672063617839008
OLFM1,0.014593563203490924
RFC1,0.011576812951003126
FAM20C,0.014361352997434802
MMP14,-0.02522199981175318
ACLY,0.03867585161350168
RFTN1,0.030540731028689278
SLC29A4,0.020836097132974858
MMADHC,-0.021611923317069494
FOXB2,0.01093100605424589
HOXB4,-0.016730300297692617
CLMN,0.013219362490103298
ANXA3,-0.056134956786577025
DCTD,-0.01187431158106161
TNFRSF1A,-0.014735618886175804
CS,0.010423519528884264
CLDN5,-0.021030319263754226
BCL2L13,0.018761499394837924
CPNE8,-0.01239727833177385
GPX1,-0.03805878749013149
ARAP1,-0.01165242600794601
LY6H,0.02251571398679768
ARFGAP2,0.046606163490038724
TBK1,0.015902156327044264
NELL2,0.019128119571250067
WDR17,0.011170468906608272
USP9Y,0.011098993179948245
NAE1,-0.011687166386929437
ZFP39,0.017612159144267125
FLOT1,-0.011011102822292609
WNK1,-0.014003931125733653
CNOT2,0.013375687744545239
FBXW4,-0.015002316726862773
PPM1N,0.013349635869584122
CTNNA2,-0.010417083216780186
LOR,0.03648952518980192
CACNA1G,0.023092510199526607
ATL3,0.010390342525077954
FADS2B,0.012151977531302188
ARL6IP5,-0.017684745017402876
ZPR1,0.020543640560212593
PPP6C,0.014391368513154505
IFT57,-0.015208206062291806
ADRA2A,0.0191657170138348
SLCO1C1,-0.04830728137905808
NDUFB6,-0.02044833259776827
EPB41L3,-0.014626907049190247
SCAMP5,0.010696380806851273
CLDN12,0.01813928956241445
SUPT6,0.03055850336911584
SPACA7,0.012273864650047333
GPR151,0.025478975849934464
ACP6,0.01619759092534162
KANK1,-0.014619084464645975
FPR2,0.012527825200623942
PSMB9,-0.02467008061444849
RHOT1,0.01789701278901415
TRPC7,0.028795380241795815
MYPOP,0.022156095833854667
BAHCC1,-0.01775351013983948
OLFR347,-0.01122588012509105
EGFLAM,0.011597485557406325
CDKL2,0.016068525116956795
SGTA,0.01885008594365389
RYR2,0.01738908006212805
DOK1,-0.01202964166688459
RAB6A,-0.010849259523119291
GTF2IRD2,0.012828536226435944
MACROH2A1,0.010756152089580865
WDR45B,-0.022227126495334627
CNPY2,-0.018494979582925807
OLFR17,-0.011366007093968788
MPV17,-0.029483345958810785
POF1B,-0.015084634784490108
PHOX2A,-0.02479392231530263
ZFAND6,-0.015182725908276355
LCE1H,0.01615297710484402
NRD1,-0.015420111202339956
ATP6V0B,-0.013177957293264342
OLFR818,-0.012506023198158965
ACOT2,0.013151470680013516
PEX2,-0.013074999395600237
NOX1,-0.013679389947777626
MATR3,-0.010948551873538447
ARHGAP17,-0.010541975669318665
CELSR2,0.030387437254768272
FITM1,0.01077878496559912
BLOC1S6,0.015163901726156597
DMRTA2,-0.014770930696110383
METTL3,0.01919749087737468
PLEKHA1,-0.01522053241095694
MANBA,-0.011429701284961251
PCGF5,-0.01645880434054851
CAMKV,0.033188355599642214
CAVIN3,-0.024479972672483218
GRAMD4,-0.0131128935520151
CELF4,0.03633853710548764
VIP,0.013035708727431915
GTF3C1,0.03540741879749089
CEP55,0.01654192777557461
GRIK1,-0.011283705385860845
PLEKHA4,0.03980175022055339
PHEX,0.010317659408041425
IL11,-0.04721046305111237
PLAGL2,-0.015201322826208126
DNER,0.045957913485471076
SSH1,-0.015020336868976839
GNG4,0.024254792430873136
NAA60,-0.018418714641109734
NUP50,0.0185230567743748
GALC,-0.012385984049958366
AP3S2,0.02274194953038105
OCRL,0.027645670408908408
ADAMTS13,0.012241267899845058
SLC38A2,-0.05266399953908711
AK3,-0.011941564840985285
NUDT13,-0.011039117089811562
GJA1,0.02565720574805815
OLFR703,0.010486978037594135
HDGF,-0.013025954725582588
T,0.01107963019257041
PNCK,0.012317735739180704
SYT3,0.012671320729205283
SEC61A2,0.019896032682953275
ADORA2B,0.02185656555712212
SEL1L,0.024991935366732436
EFNA1,-0.013630053677257096
IQSCHFP,-0.014973839610071612
WASHC3,-0.01996147414527801
DACH2,0.015048293635812756
ZFP688,0.011859775887791852
CHRNA3,0.017550341850079965
CRMP1,0.053214868249473676
RFLNA,-0.013096094084033096
TBRG1,0.01442429641584383
SRPRB,0.10188319610681007
KCNH1,-0.017190230800883017
DLGAP5,-0.010914048792413868
TMEM41A,0.014375032096977736
CST7,-0.04819185197349567
AP1B1,0.02034385161534545
APBA2,0.03686590377754291
H2-DMB1,-0.024172241450465988
ERC2,0.010550972750058299
FBXO21,0.022567904866555067
ADSSL1,-0.02621296698499779
OTUD7A,0.02694842543081439
IFI205,0.010891791345364514
SLC6A15,-0.014281347351450842
INSIG1,0.016399679188714437
CNTN1,0.024330188916709905
DCLK3,0.02276462221787681
TMEM94,0.014819108094625392
B3GALT5,0.0187390571232288
4932438H23RIK,0.012580596606837255
NKX6-SGPL1,-0.020895263658315223
NXT2,-0.012622948993885752
ABHD1,0.010585394228895732
GPHB5,-0.010960476440621248
6820408C15RIK,0.013913998542470501
PRKCD,0.03599309137094313
ICA1,0.014820749028061464
NRCAM,0.013064909079884135
AHCYL1,-0.01252756335646894
NT5C3B,-0.010424525474631909
NOP56,-0.017654126236932712
TAF7L,0.011477756702628501
SH3BP5,0.01359478483843194
WDR70,-0.024890772739368114
ZCCHC17,-0.012968671259988818
GNGT2,-0.03786426143399737
PPP1CA,-0.03023267418622089
LEFTY1,-0.018195781790514332
MTMR2,0.012300005281656617
PRSS23,0.019927134925157797
CIT,-0.01598761530601062
PPP4R4,0.015756214764420604
CACNA1H,-0.013617249931353059
LYPD11,-0.016818830036819894
CLPS,0.015845948141380618
PUS7,-0.010974101563054853
AI593442,0.02626756287533568
GRHL1,0.032931273834367066
SASH1,-0.013476585242920796
CGAS,-0.010481207873841611
KLRA17,0.011791367856349377
SYT12,0.016357152037205933
KDM4B,0.010805949166049973
PICK1,0.013218300618311876
MRPS6,-0.022316657220363505
SLC35B2,-0.03921073049523547
SERPINA3N,-0.031901336994947994
RELB,-0.021002788821868446
ELP3,0.021729950659975378
OLFR642,0.012213172826153348
HMGXB3,0.06841839054619425
ZFP786,-0.015121628940588673
SPATS1,0.013315168927950665
ANKRD13B,-0.0258434058090587
OGT,0.011293927941466931
SPTLC3,-0.010542084355847348
SETD1A,0.011379329812967279
WNT16,-0.020804084647213717
APOA2,-0.021114560401472464
ADPRHL1,0.017791208350070992
ADM,-0.014164405791167737
LFNG,0.013125331292798668
CCDC43,0.017432553278598342
SMIM12,-0.011447197404175534
SMOX,-0.028404097101322367
CCT3,-0.012726971652991356
LMCD1,-0.013215974950302248
SUPT4A,-0.021799348358305763
SELENOP,-0.023369832553197894
CASP1,-0.036954625941158434
FAM20B,-0.053630520147118735
POLE3,-0.016770776213279028
H2-M10.HES1,-0.011011495006292582
CHORDC1,0.023025744337073797
HMGN3,0.03356349063290475
PLPP3,-0.014223374914721703
RASAL1,0.027178591769897436
ASS1,-0.011172876408299738
UBE2Q1,0.029837641769511668
ZFP36L1,-0.01832330567553791
SNRPN,0.01166693055019953
LIX1,-0.01153663339031201
LIMS2,0.017935363180781
PURB,-0.011816980728185355
EMP3,-0.030362158789560802
LYPLAL1,-0.014668466857436675
CCDC51,-0.014177001624342447
ZBTB7A,-0.06531112081222774
IRS1,0.010502429691609555
SIDT1,0.030419668212964678
GFM1,0.020833235604147394
YAP1,-0.021165462131933127
PLXDC1,0.033179850108580655
NDUFAF1,0.01954755506825112
PTGDS,-0.03501677255418872
OLFR1121,-0.011466351205997767
ABAT,0.020036701503703323
MAT2A,-0.010334878190769005
MAT2B,-0.02658667495340876
BC005624,0.011956307304339348
NRDE2,0.043417956496764464
ASPDH,0.021575360204086715
GNS,0.017582830829467672
TNFRSF25,-0.01648718830268317
METTL14,-0.013970151558648555
NSMCE1,-0.022440033120082085
SLC6A7,0.02616474647732443
4930447C04RIK,0.013213628473819424
ERI1,-0.012347248120413611
STAM,0.011551105515813273
LYPD2,-0.010419540694527798
TFPI,0.013020596844106747
GRIA1,0.015138773919594086
GGA1,0.013595963847936527
DPM3,-0.013826893713480316
LETM1,0.017091620249151524
CRTC3,-0.012723153044595786
RAB7,0.023735128365736567
ECRG4,-0.01139894401577264
MZT1,0.030729839092049575
MOV10,-0.011837898448775752
BC017158,-0.014229718896288879
SCGB1B27,-0.01800266451132822
TPD52L1,-0.021321790353850546
PEX11A,-0.012747719248274036
TMEM234,-0.010616655925534273
UXT,-0.02979795592221652
PRPF40B,-0.019173994148622482
COX14,-0.024959077433078337
PDRG1,-0.018999459636769973
GRK5,0.0161192192989811
RAP2C,0.01892059752625108
LARGE1,0.051836035221466924
COPS5,-0.01267389613560766
CTNNBL1,-0.014589627580999597
SORL1,0.052272834854665245
CYLD,0.035927938031052084
RPL7L1,-0.025024872920575217
MKX,0.012277275985763997
ZFP28,0.01133493579897498
TNFAIP8L2,-0.012207149957147152
WBP2,0.016658423459255473
DDX24,0.022792240230146765
ASCC1,0.016120616148840593
CAR13,-0.01807531638118102
OLFR732,0.010751670787829447
SELENOF,-0.037053775731533074
DBNDD2,-0.017977431335733124
GEMIN7,-0.025336665308517265
PPP2R5D,0.02275064995748914
ATPIF1,-0.011904390548109297
DPYSL3,-0.015572876403640917
BUD23,0.011378013117805105
MAST1,0.015114213334807046
DNMT3L,0.016630483227721694
NDRG1,-0.010634212987698078
CLCNKA,-0.012013008786478449
IL10RB,-0.012600761427484668
SERPINB6A,-0.033734751959631847
GJB6,0.0114089169048126
ATP13A1,0.010935856390869332
EIF2AK2,-0.016776863607967454
SH3D21,0.018494257288509
OGFR,0.03093023702558137
BCL9L,-0.013037291288084661
ELOVL4,0.05761945464210194
REEP3,-0.02106262942892177
HMBS,-0.010409199581406008
ANAPC10,-0.011710432321127938
RAPGEFL1,0.11547546990902433
NUP43,-0.026791526140555362
TPBG,0.01706683392248339
MIEN1,-0.016006506118936906
TPD52L2,-0.015298880475826934
PRORSD1,-0.030627059376855077
WSB1,-0.03247976422813005
HAUS1,-0.01759275938345928
KPNA1,0.022226276188656437
KRT90,-0.02234977273132512
LIAS,-0.013483574026706587
RTN2,-0.023969864529298862
1700037C18RIK,-0.013266861548383703
ZFHX3,-0.01765504373950329
PPIA,-0.010988748865059841
TAC1,0.04646460208782551
SPOCK2,0.022580357344237884
AFF4,0.011735333109156866
TBC1D9B,-0.0127752235391566
VSTM2B,0.04267773634737471
SLC22A12,-0.01476322500550223
SH3GL2,0.04430294223837989
KLF7,-0.027173387493445614
CNTRL,-0.015171698172645904
CYP4V3,-0.024132043682707955
WRAP53,-0.014646696206224056
KLK7,0.017715374804377338
PCNX2,0.016820596150519597
BHLHB9,0.02321613561883459
NXPH2,0.016990834203477627
OLFR1095,-0.01466336427333922
EVI2A,-0.0372506410595072
NDNF,-0.015427799746488129
CYTIP,0.02059566912092011
PHF5A,-0.03059438095631447
ALKBH7,-0.03248351085586342
SLC10A4,-0.024407842885286163
GATAD2B,-0.011886170375869726
SRPK2,0.02294777535101015
SNRPC,-0.017511281424329984
TRIM39,-0.010536522929253013
ABHD2,0.013749652533078492
FBXO31,0.012945362665963096
SYNJ2BP,-0.014202790425458892
LYZ2,-0.09194606971986921
ANKRD24,-0.018561639015901823
FOXJ2,0.015434545378422785
SELENOW,-0.022232753147452523
PFKM,-0.01336108003842543
HECTD2,0.018986650769242493
GPAT4,0.027042045434617988
DDX39B,-0.011510261565482672
TBX1,-0.016935535257722727
ERLEC1,-0.01229190493922508
USP53,0.013311037864149
C1QTNF4,0.011393786606961316
ITFG2,-0.01937590450704873
MAL2,0.011615942915266159
DGUOK,-0.01471608232700192
CELF2,0.015362636035269009
OLFR702,-0.012186716113748169
GTF2H2,-0.012004610653397632
AFG3L1,-0.01727439310975595
CNIH2,-0.014045868455240638
VXN,0.042536420096053636
MRAS,0.021110292767254353
POLR1C,-0.016617112978557353
LMAN2,0.019171119944124505
CBLN1,0.07839468283082345
CCK,0.030773388016897014
ACAT2,0.015467144643579608
INSC,0.010307568552710873
WASF1,0.02666188175148602
4933411G06RIK,-0.010472426539302929
ALDH3A1,0.03935172713085452
HS3ST1,0.03356521094927666
BRINP2,0.04370321746972716
SELENOI,0.01756539753115341
ARL6IP1,0.012175991867709915
KCNJ8,-0.012335878278248166
HES5,0.014108964986301849
ZFP954,-0.015905054756136575
TSHZ3,-0.015840177696956354
AACS,0.028771248507669506
CCS,-0.021265247871362535
PCDHB3,0.0159960511306547
SMARCA1,0.02677065794287423
USP5,0.014657193763324047
PCOLCE,0.012320693555149016
BBS2,0.021310409310736172
ANKRD39,-0.021260125067050956
NCKAP1L,-0.02830405106984035
RPS20,-0.019946108682410767
CCL3,-0.028473457739200507
BOP1,0.02217218406824308
PFKFB2,0.012510415951781356
SIRT7,-0.014298227267551129
PIP5K1A,-0.013904962376174912
ADORA1,-0.028224316078872567
FAM192A,0.015219643989147588
SENP6,0.010447370518709656
SNX2,-0.015551399557387708
FSD1,0.016794989178305006
PRRC2A,-0.01717472585717899
WARS,0.017230037669295
LAPTM4A,-0.03106119726279834
GAA,0.027409497281128813
AMER2,0.010756060325299119
KDM1A,0.016316089028783568
ASL,-0.014732432127116736
TNNI3K,-0.014768048184251117
SOX21,0.016095050325876225
FZR1,0.01072085251201013
PPCDC,-0.01401662790039454
DUS4L,-0.019991885819101864
MDK,-0.011484211870348543
YPEL4,-0.013711599750784226
CLCF1,-0.010647961013588694
GSTO1,-0.018188145946142417
BMP2K,0.015054898965197117
NR4A2,0.020907290865552947
CSF1,-0.013339488441375658
GPC5,-0.0169576797241831
PTPRE,-0.028296084803313082
PXYLP1,0.023413726080278648
SPRN,0.03730076106518399
CADM3,0.010803223420171355
MS4A6B,0.011390408299378006
ATP5D,0.013335166301911174
MRPL37,0.01085850248576713
MRPS12,-0.03608759697699862
ECH1,-0.03280536236615696
NOL4,0.01128490544921228
LY6C1,0.04624812009731615
GPR61,-0.011711387655377156
GDPD5,0.02926387117383463
MBNL2,0.01769109037105654
ILF3,0.017099890356358543
FBN2,0.01724257515713383
DHRS7B,-0.0123111437527484
CPNE9,-0.028782831805242475
HSF1,0.01115919572996971
ATP9A,0.017010784348850654
DYNC1LI1,0.018675773583617623
CHST1,0.041947923721835964
LY6A,-0.01062087859770526
NOCT,0.028714775561663235
MTSS1,-0.014893376163172151
RREB1,-0.01410475541681577
CDR2,-0.013821638168230647
PINK1,-0.02547322666874016
POLR3A,0.020423908700935762
PIGYL,-0.012388857423683524
VCP,0.033262514138639156
TPRGL,-0.0215282331756753
SH3BP2,-0.014674499348412856
OAZ1,-0.031012278814525212
CYBC1,-0.022582600104027805
LOXL1,-0.021106269139345726
NSMCE2,-0.01883433581545353
UBTF,0.021726468104038492
SPC25,-0.014758636535316002
ACADM,-0.013538309466352117
HRH3,0.013747106823709256
VSTM5,-0.010354559126195352
L3MBTL2,0.02017333091728278
SAT1,-0.046219738878847026
HMGCL,-0.021155324959167263
LUZP2,0.017650099373614756
DNTTIP1,0.020115918911030782
DUS3L,0.014486997547374947
FLYWCH2,-0.01782974672788853
PRL8A9,-0.014148623535285572
COLGALT1,0.01418658893404964
AK4,0.02374212574514406
CLCN2,-0.013245560116885642
SLC6A12,-0.02399150320619319
DDAH1,-0.025697260064270457
RPRD1B,0.014772891366072032
THRSP,0.01214459529061039
EIF2S2,-0.012138324678979696
SLC30A9,-0.010437459292918646
FAM83G,-0.01421743785864189
H4C11,-0.0218652636384477
SPATA7,0.012899168923239281
MAP11,0.019104691553483925
MED11,-0.023519800829965087
KRTAP1-MSRB1,-0.013372380549744508
FGF13,-0.015312481431447176
LEPROTL1,0.01705425340920134
BLVRA,-0.015272053502501028
SSU72,-0.014974334085617741
G0S2,-0.023750100561520094
COQ5,0.035524483924588485
OPN5,0.013082770243633562
RUNDC1,0.020080113782429358
RAD50,0.01250988704012598
FKBP4,0.01507431813754618
GATB,-0.01868517280048274
CRISPLD2,-0.020067347522928835
ESM1,0.01159812185744716
APOBEC1,-0.015173724844682183
CHAF1A,-0.012000517464616209
DLGAP3,-0.014638587450581038
A430005L14RIK,-0.011441997174790216
RFNG,-0.015194501689759944
B4GAT1,0.013673828453401309
CNPY1,-0.010990697638541774
LDHA,0.014523902586063328
ETV3,0.013318756215437943
CCDC88A,0.018231020678336984
ALDH6A1,-0.014621250677765752
CSE1L,0.021179814853333267
ATM,0.010686765421027707
IFNGR2,0.011225419292888176
NECAB1,0.0400070741678918
PEX11B,0.011733063481821139
KCNK6,-0.014466403050895742
AARS,0.013815917459896097
MCMBP,0.01858168055430239
VPS53,0.03251629170580204
ADH1,0.012198050051009523
TAMM41,0.015494694086680449
ZFP131,-0.012633421359277775
AHNAK,-0.018319934820494457
ACACA,0.06440857846735595
EIF3I,-0.026132359319374177
CADPS,0.017436409072911184
SIDT2,0.022786876122848652
ATAT1,0.03374077183960112
MRPS35,-0.011843651607992913
RCAN1,-0.02363228311350186
GPLD1,0.014978835103586555
RBM48,0.015094135723314275
CDK5R1,0.039148913887472866
CCDC117,0.020792453530851972
EMCN,0.012007782839479703
COL6A1,-0.019007565868379345
TMEM176B,-0.021523710923567495
FEN1,0.017244864777842556
PABPC1,-0.018417546163598978
MIA2,0.012350670343265223
MYO1H,0.010303447274164653
MOG,-0.012410608061363439
PYY,0.010646252949742053
IRGM2,-0.014610544250328561
ABHD18,0.01728767290180642
CD276,0.01178368854482799
SMIM26,-0.02291911290676344
CCT8,0.01095463398965016
DUSP11,0.016483645035377352
IL33,-0.020284078893283104
H2-ZFP106,-0.011303765706128349
VPS25,-0.018669672746547884
PCDH1,0.011987257902680024
SFT2D2,-0.01713761936912244
D16ERTD472E,-0.023146516887911736
ASPHD1,0.011888745955157655
GOLGA3,0.030283527353662305
NKX2-MRPL30,-0.022096210984710807
SRP9,-0.014492476126507753
LIN7B,0.01258628697929879
PLK2,0.03542086037791227
HSD3B7,-0.0443151535334474
UBC,0.03928069972819426
ACTB,0.02103220215038653
WBP1L,0.01204657008237266
USP37,0.013649654521178146
UGGT1,0.03115568611577671
ZBTB8B,0.016173454405673925
VCL,0.013907863245160718
TUFT1,0.017191951800773923
TRP53BP2,-0.010655034129538294
TRPM5,-0.010410879611908059
TUBG1,0.022330477662380287
NAA15,0.01829568174654939
TPP2,0.017566600233375345
STX12,0.012784250782791055
TSX,0.010748061327738987
SAE1,0.012521489915960828
ZFP113,0.011650860163169251
TNFRSF12A,-0.035730643076490175
VAMP2,0.014323791211631465
TNRC6A,0.01916542487435091
PHLDA2,-0.01264305933412855
UBE3B,0.022283461758264424
WDR5,0.012111396439538553
MEGF6,0.011860791805891877
SPATA24,-0.02999193039802085
TREM1,-0.013812640052281467
UBA1,0.03195461155073026
PDLIM7,-0.015173922905737455
VMN1R10,-0.011029407461086979
EEF2K,-0.010890559501444838
XBP1,0.034209247561740846
VMN1R-TRIB2,0.04079279899726343
UGT2A1,-0.016726454160043692
UQCRC2,-0.024356615363138278
TMEM14C,-0.01270172553727088
VAPB,-0.01734263127608822
TMEM19,0.017601966231679297
UBE3C,0.017969847878582572
TRPM2,0.02055386538149667
VSNL1,0.01812930805772946
TRAF3,-0.026042051301445112
SND1,0.016710334210885296
RTL3,0.01188376883259303
VPS39,0.014206764140957428
ZBTB7B,0.011794356903663705
TOMM34,0.014486881888962886
ZFP286,-0.016557028341656486
TTR,0.05902118907505459
ZFPM1,-0.015623280691868727
ZBTB18,0.017745493576865175
VPS29,-0.025711516729575928
JUP,0.013051703571623663
TTC9,0.01236725359953482
ZFP68,-0.015906574947410115
VEGFB,-0.01570781233436037
VIM,-0.02708102466531943
VPS54,0.010457157952874007
TXNRD3,-0.025163808920138916
ABHD11,-0.013413278401417789
UROD,-0.015098151602029286
AP3M1,0.018437200151600233
WBP1,-0.011722403422358193
ZCCHC8,0.019257134312540926
ZFP148,0.024251930597288432
MAPK8,0.0222423997603341
UBASH3A,-0.01464436799238613
TRP53INP2,-0.03327128262282177
UPP2,-0.010486048900381188
WDR1,-0.011413795654118812
TPH2,-0.01041569922889728
UBE2M,-0.01275945445809353
TUFM,0.013351423451083023
TRAP1A,0.010401901394863718
UNC119,-0.010844292743352007
WFDC1,-0.013572685746252021
RASL10B,-0.029276940523296265
TNNT3,0.011122831710385736
ZFP54,0.013507423948971743
BICD2,0.010704713835093327
UPF2,0.021311912950222854
USP3,-0.01033303196271139
WT1,-0.010532658757568975
TMEM47,-0.011060631692750563
TMPO,-0.016772362026590572
ZDHHC9,0.01173840536212929
PIK3R1,-0.017068898627898066
VPS18,0.0226805157563735
NELFA,0.024335818114700564
NME8,0.014400324499635539
TRAPPC5,0.014523814642628242
OCA2,0.013121842482135082
WDR11,0.012044017411826103
FAM78B,0.013649513409630594
TNFRSF26,-0.011249494189677394
VMN1R82,-0.0112516468339254
UBQLN1,-0.010666791160423654
SGMS1,0.012610213324030188
TNNI2,0.01423039266922448
TNFRSF13C,-0.011678803249069024
TPM2,-0.018143044584709604
TNFSF18,-0.01295881358080465
TRO,0.024027926760335598
VEGFA,0.01885562268402492
TUBB2A,0.011457911713972119
TRF,-0.030065565001031833
VEGFC,-0.010824462599805818
CCN5,-0.01676166257640698
EIF3E,0.012494796273259256
ZFP90,0.011297748489436328
ITPRID2,-0.022114089804459485
VMN1R33,0.011178685400631268
SPRED1,-0.018001578085410436
YWHAB,0.022648926591434446
VGLL4,-0.025496979834805703
ZEB1,-0.016996521980672776
UACA,-0.012023462971266403
ZRANB3,0.025349592903905004
ZSWIM5,0.010299828893188104
BPIFB1,0.010752799612937231
ERP44,-0.014584850824844795
USP21,-0.013716668245204967
CD40,0.01132286921070576
DCAF12L1,0.015310871580668173
VKORC1,-0.021985555109549346
TTF1,0.01529893861747802
TOMM7,-0.02329615438495291
PTPRD,0.011416468150088269
TPR,0.012410054352726956
TNNC1,-0.043258212765168835
TRAM2,-0.01530671394788621
ZBTB43,0.01497001832956495
HSP90B1,0.025572339439561418
TNFSF11,0.012666147778872787
CADM1,0.024370306473049462
TRP53INP1,-0.010982917509819702
VMN1R187,-0.013177036715245885
VMN1R237,-0.010991411049592963
ZFP35,-0.028759357752727487
ZFP629,-0.01457144951301177
TOMM40,-0.01201892317384434
TREX1,-0.03346067327128102
WSB2,-0.016834414630967805
TUBGCP2,-0.02305563494944131
WNT4,0.02384197294580226
VMN1R71,0.012955851826607237
UQCRH,-0.02530011311550303
TNFRSF11B,-0.03862639538006599
CUL5,0.013803105730306006
XRN1,-0.011185874736115554
TPM4,-0.017902946590968027
ZC3HAV1,-0.011331103732080329
CCAR1,0.02137378689629186
VAMP4,0.013106072898058228
PRMT9,-0.01200562529983836
UVRAG,0.01564246781549364
TUBA4A,0.021674071463826928
TRPV6,0.013101325629578954
GRB10,0.03679231492614921
NDUFAF3,0.011068386547654834
TOR2A,-0.017114380359316155
TRIOBP,-0.017515766582973907
ZDHHC12,0.011333527282509427
ZFP369,0.01414694749904651
TRHR,0.014931321548791097
TUSC2,-0.012960062943888871
VMN1R206,-0.01669375025261197
UNC5B,-0.013336101919952768
ZBTB9,0.02226049061758452
RPAIN,-0.02755355998515081
CYBRD1,0.012754147200638678
LRRC52,0.010869486446504484
GM1604B,0.02036491711549546
ZFP948,0.013741473630052828
FBXW15,-0.010541410174377524
OSM,0.011085233775211404
ATP5L,-0.011428919450064681
GAPDH-PS15,0.013190974476836322
IFITM10,-0.014017717931314443
IMPDH2-PS,-0.013562107043652006
GRINA,0.01465207704113479
RAB14,0.0233471164034071
CHMP7,0.02384927246450302
RNF113A1,0.01258004297727426
PGAM2,0.06042786701107773
THAP11,0.017113598257505167
LHB,0.010866750947883681
H2BC1,-0.013618723205470964
ADAP2,-0.011043108370975574
MRRF,-0.011078665713048013
ENTPD4B,0.02071514744051836
POU6F1,-0.01835390809490187
GM3448,-0.013519627814360469
PLTP,0.010755909951174347
DARS,-0.02914851043081761
CPEB3,-0.01291081729012022
UBXN1,-0.02119064784372316
PPP4R3A,-0.013899787442171095
EDNRB,-0.017686085568008072
TMEM51,-0.03341353561415796
CNN3,0.025760712923976036
STAT3,-0.03470932046602301
TBRG4,-0.012265389517187074
HAPLN4,0.01791193840049456
MRPL55,0.012295101252998177
SPOCK1,0.03202394332265977
H2-CYB561A3,-0.012111003990640707
STMN4,0.015873892291981172
SUB1,-0.03224506791449968
PLAUR,-0.012804760072427432
AK8,0.012264592880102516
PIGL,0.0348966293358646
FMO4,-0.011589611325641565
SMPX,0.011473017699208403
TAX1BP1,0.026107148201982306
PTPRB,-0.015375714516607812
PSTK,-0.01194524071998693
IFT20,-0.038380174291809704
PIGP,-0.027935991610031987
CDH13,0.03809361057353218
ANKRD49,-0.034675941621286455
NFKB1,-0.01798159357333545
PGLYRP1,-0.018639125537377357
PPP1R9B,-0.016984484375151904
RHOG,-0.01369063676871091
PIGX,-0.012785859953851755
MAP3K3,-0.026443100445048495
OLFR263,0.011299052472197226
MGLL,-0.017991442393746424
SCG5,-0.06403652296845724
MYCT1,0.014542148354945996
FBXL22,-0.011723846113452582
PKD2L2,0.011863305311969238
GM14461,0.01206307626045081
TMPRSS15,0.011801312739186007
DPPA4,0.012503591987992425
SMIM7,-0.029901212826133283
GOT2,0.016544513496439185
